도로,방향,월자,연도,01월,02월,03월,04월,05월,06월,07월,08월,09월,10월,11월,12월
갈매로,상행,차로당도로교통량,2016년,0,0,0,0,0,0,0,0,0,0,1356,8045
갈매로,상행,평균통행속도,2016년,0,0,0,0,0,0,0,0,0,0,50,52
갈매로,상행,점유율,2016년,0,0,0,0,0,0,0,0,0,0,2,2
갈매로,하행,차로당도로교통량,2016년,0,0,0,0,0,0,0,0,0,0,623,3964
갈매로,하행,평균통행속도,2016년,0,0,0,0,0,0,0,0,0,0,54,57
갈매로,하행,점유율,2016년,0,0,0,0,0,0,0,0,0,0,1,1
당산로,상행,차로당도로교통량,2016년,0,0,0,0,0,0,0,0,0,0,0,6899
당산로,상행,평균통행속도,2016년,0,0,0,0,0,0,0,0,0,0,0,55
당산로,상행,점유율,2016년,0,0,0,0,0,0,0,0,0,0,0,4
당산로,하행,차로당도로교통량,2016년,0,0,0,0,0,0,0,0,0,0,0,3118
당산로,하행,평균통행속도,2016년,0,0,0,0,0,0,0,0,0,0,0,54
당산로,하행,점유율,2016년,0,0,0,0,0,0,0,0,0,0,0,3
산학리길,상행,차로당도로교통량,2016년,0,0,0,0,0,0,0,0,0,0,0,1657
산학리길,상행,평균통행속도,2016년,0,0,0,0,0,0,0,0,0,0,0,60
산학리길,상행,점유율,2016년,0,0,0,0,0,0,0,0,0,0,0,2
산학리길,하행,차로당도로교통량,2016년,0,0,0,0,0,0,0,0,0,0,0,2191
산학리길,하행,평균통행속도,2016년,0,0,0,0,0,0,0,0,0,0,0,63
산학리길,하행,점유율,2016년,0,0,0,0,0,0,0,0,0,0,0,2
새내로,상행,차로당도로교통량,2016년,16413,17491,14223,11251,9880,15529,14012,12146,13033,11595,9534,10932
새내로,상행,평균통행속도,2016년,16,17,24,35,35,35,35,34,34,34,32,30
새내로,상행,점유율,2016년,5,5,8,13,12,12,12,13,13,11,10,11
새내로,하행,차로당도로교통량,2016년,8004,8311,6053,4412,3865,6131,5935,5118,5338,4607,4203,4840
새내로,하행,평균통행속도,2016년,18,18,19,23,23,23,25,24,24,28,28,28
새내로,하행,점유율,2016년,5,5,8,14,13,12,12,13,12,10,10,11
시목부강로,상행,차로당도로교통량,2016년,4061,4220,2956,2737,2631,3568,2867,2812,3114,1562,2361,2526
시목부강로,상행,평균통행속도,2016년,23,24,33,53,52,52,52,52,53,53,53,53
시목부강로,상행,점유율,2016년,2,2,3,5,5,5,5,5,4,4,3,3
시목부강로,하행,차로당도로교통량,2016년,16814,16699,14859,13484,10810,18148,14903,14106,15479,7408,11288,11615
시목부강로,하행,평균통행속도,2016년,34,35,41,52,50,50,49,49,50,49,49,49
시목부강로,하행,점유율,2016년,3,3,4,5,5,5,5,5,5,4,4,4
연청로,상행,차로당도로교통량,2016년,0,0,0,0,0,0,0,0,0,0,0,5007
연청로,상행,평균통행속도,2016년,0,0,0,0,0,0,0,0,0,0,0,83
연청로,상행,점유율,2016년,0,0,0,0,0,0,0,0,0,0,0,2
연청로,하행,차로당도로교통량,2016년,0,0,0,0,0,0,0,0,0,0,0,2534
연청로,하행,평균통행속도,2016년,0,0,0,0,0,0,0,0,0,0,0,81
연청로,하행,점유율,2016년,0,0,0,0,0,0,0,0,0,0,0,3
용연로,상행,차로당도로교통량,2016년,0,0,0,0,0,0,0,0,0,0,0,563
용연로,상행,평균통행속도,2016년,0,0,0,0,0,0,0,0,0,0,0,56
용연로,상행,점유율,2016년,0,0,0,0,0,0,0,0,0,0,0,2
용연로,하행,차로당도로교통량,2016년,0,0,0,0,0,0,0,0,0,0,0,1337
용연로,하행,평균통행속도,2016년,0,0,0,0,0,0,0,0,0,0,0,60
용연로,하행,점유율,2016년,0,0,0,0,0,0,0,0,0,0,0,2
일반국도1호선,상행,차로당도로교통량,2016년,0,0,0,0,0,0,0,0,0,0,0,14615
일반국도1호선,상행,평균통행속도,2016년,0,0,0,0,0,0,0,0,0,0,0,78
일반국도1호선,상행,점유율,2016년,0,0,0,0,0,0,0,0,0,0,0,4
일반국도1호선,하행,차로당도로교통량,2016년,0,0,0,0,0,0,0,0,0,0,0,12488
일반국도1호선,하행,평균통행속도,2016년,0,0,0,0,0,0,0,0,0,0,0,80
일반국도1호선,하행,점유율,2016년,0,0,0,0,0,0,0,0,0,0,0,6
일반국도36호선,상행,차로당도로교통량,2016년,0,0,0,0,0,0,0,0,0,0,5288,36569
일반국도36호선,상행,평균통행속도,2016년,0,0,0,0,0,0,0,0,0,0,58,59
일반국도36호선,상행,점유율,2016년,0,0,0,0,0,0,0,0,0,0,5,5
일반국도36호선,하행,차로당도로교통량,2016년,0,0,0,0,0,0,0,0,0,0,0,6337
일반국도36호선,하행,평균통행속도,2016년,0,0,0,0,0,0,0,0,0,0,0,49
일반국도36호선,하행,점유율,2016년,0,0,0,0,0,0,0,0,0,0,0,7
정안세종로,상행,차로당도로교통량,2016년,0,0,0,0,0,0,0,0,0,0,2914,20971
정안세종로,상행,평균통행속도,2016년,0,0,0,0,0,0,0,0,0,0,58,59
정안세종로,상행,점유율,2016년,0,0,0,0,0,0,0,0,0,0,3,2
정안세종로,하행,차로당도로교통량,2016년,0,0,0,0,0,0,0,0,0,0,1497,7232
정안세종로,하행,평균통행속도,2016년,0,0,0,0,0,0,0,0,0,0,62,65
정안세종로,하행,점유율,2016년,0,0,0,0,0,0,0,0,0,0,3,2
조치원로,상행,차로당도로교통량,2016년,18219,17848,14551,13482,11449,17989,17458,15279,16171,14296,12989,13947
조치원로,상행,평균통행속도,2016년,15,15,20,31,30,30,31,31,31,30,33,33
조치원로,상행,점유율,2016년,5,6,8,12,13,14,12,12,12,11,9,9
조치원로,하행,차로당도로교통량,2016년,9167,8764,6676,5810,5269,8501,8061,6575,7343,6875,7035,7210
조치원로,하행,평균통행속도,2016년,18,18,21,26,25,27,27,25,26,27,29,30
조치원로,하행,점유율,2016년,8,9,12,18,18,17,17,19,17,16,14,13
지방도604호선,상행,차로당도로교통량,2016년,0,0,0,0,0,0,0,0,0,0,416,8665
지방도604호선,상행,평균통행속도,2016년,0,0,0,0,0,0,0,0,0,0,95,95
지방도604호선,상행,점유율,2016년,0,0,0,0,0,0,0,0,0,0,2,2
지방도604호선,하행,차로당도로교통량,2016년,0,0,0,0,0,0,0,0,0,0,540,2582
지방도604호선,하행,평균통행속도,2016년,0,0,0,0,0,0,0,0,0,0,88,95
지방도604호선,하행,점유율,2016년,0,0,0,0,0,0,0,0,0,0,2,2
지방도96호선,상행,차로당도로교통량,2016년,0,0,0,0,0,0,0,0,0,0,11700,4444
지방도96호선,상행,평균통행속도,2016년,0,0,0,0,0,0,0,0,0,0,58,74
지방도96호선,상행,점유율,2016년,0,0,0,0,0,0,0,0,0,0,3,2
지방도96호선,하행,차로당도로교통량,2016년,0,0,0,0,0,0,0,0,0,0,4021,5034
지방도96호선,하행,평균통행속도,2016년,0,0,0,0,0,0,0,0,0,0,54,63
지방도96호선,하행,점유율,2016년,0,0,0,0,0,0,0,0,0,0,3,2
청연로,상행,차로당도로교통량,2016년,17451,18933,15553,14641,11655,19103,15847,13630,14908,12598,6166,9057
청연로,상행,평균통행속도,2016년,42,43,48,57,56,57,56,55,56,54,55,55
청연로,상행,점유율,2016년,3,3,4,5,4,4,4,4,4,4,3,5
청연로,하행,차로당도로교통량,2016년,7458,7814,6537,6109,5166,8286,7402,6237,6851,5809,2834,4784
청연로,하행,평균통행속도,2016년,40,41,47,58,58,58,57,56,58,58,58,59
청연로,하행,점유율,2016년,3,3,4,5,5,5,5,5,5,4,4,5
충현로,상행,차로당도로교통량,2016년,7466,7947,6389,5877,5173,7969,7416,6502,7255,5870,5308,6054
충현로,상행,평균통행속도,2016년,22,23,27,34,34,34,32,33,34,35,36,35
충현로,상행,점유율,2016년,4,5,6,8,7,7,8,7,7,6,6,6
충현로,하행,차로당도로교통량,2016년,27484,28523,24020,21621,19108,30053,27268,23932,26708,22869,21538,22338
충현로,하행,평균통행속도,2016년,29,30,32,36,36,36,34,35,35,36,36,36
충현로,하행,점유율,2016년,6,6,7,7,7,7,8,8,8,7,7,8
평기길,상행,차로당도로교통량,2016년,0,0,0,0,0,0,0,0,0,0,0,710
평기길,상행,평균통행속도,2016년,0,0,0,0,0,0,0,0,0,0,0,45
평기길,상행,점유율,2016년,0,0,0,0,0,0,0,0,0,0,0,2
평기길,하행,차로당도로교통량,2016년,0,0,0,0,0,0,0,0,0,0,0,1992
평기길,하행,평균통행속도,2016년,0,0,0,0,0,0,0,0,0,0,0,52
평기길,하행,점유율,2016년,0,0,0,0,0,0,0,0,0,0,0,3
한누리대로,상행,차로당도로교통량,2016년,0,0,0,0,0,0,0,0,0,0,2383,15723
한누리대로,상행,평균통행속도,2016년,0,0,0,0,0,0,0,0,0,0,66,67
한누리대로,상행,점유율,2016년,0,0,0,0,0,0,0,0,0,0,5,4
한누리대로,하행,차로당도로교통량,2016년,0,0,0,0,0,0,0,0,0,0,3306,17746
한누리대로,하행,평균통행속도,2016년,0,0,0,0,0,0,0,0,0,0,62,64
한누리대로,하행,점유율,2016년,0,0,0,0,0,0,0,0,0,0,3,3
갈매로,상행,차로당도로교통량,2017년,8350,7690,9265,4725,9010,10292,5996,4180,8442,10692,9481,10049
갈매로,상행,평균통행속도,2017년,45,53,53,54,54,54,45,50,49,52,52,51
갈매로,상행,점유율,2017년,2,2,2,2,2,2,3,2,2,2,2,2
갈매로,하행,차로당도로교통량,2017년,6356,6822,7987,3683,7631,9032,6468,3888,7389,6971,7251,3696
갈매로,하행,평균통행속도,2017년,44,52,53,53,52,52,52,53,50,51,50,52
갈매로,하행,점유율,2017년,2,2,2,2,2,2,2,2,2,2,2,2
당산로,상행,차로당도로교통량,2017년,9876,12956,14112,7742,11602,12383,12428,7338,12142,11305,13696,14060
당산로,상행,평균통행속도,2017년,52,56,57,55,55,56,53,53,55,55,55,55
당산로,상행,점유율,2017년,3,4,4,5,5,5,5,5,5,5,4,4
당산로,하행,차로당도로교통량,2017년,4674,6186,6917,3605,5688,6161,5968,3554,6125,5896,6820,6964
당산로,하행,평균통행속도,2017년,52,55,56,52,54,55,53,52,54,55,55,55
당산로,하행,점유율,2017년,3,3,3,4,4,3,4,4,4,4,4,4
산학리길,상행,차로당도로교통량,2017년,2879,2485,3045,1434,3076,3434,2912,2380,2904,3856,2995,2899
산학리길,상행,평균통행속도,2017년,54,61,64,63,61,62,59,57,61,60,62,61
산학리길,상행,점유율,2017년,2,2,2,2,2,2,2,2,2,2,2,2
산학리길,하행,차로당도로교통량,2017년,4007,3589,4880,2148,4636,5448,4382,3310,4734,5344,4392,4286
산학리길,하행,평균통행속도,2017년,53,63,64,64,60,60,61,58,61,63,63,62
산학리길,하행,점유율,2017년,2,2,3,2,3,3,2,2,3,2,2,2
새내로,상행,차로당도로교통량,2017년,11367,11474,13305,6464,12774,14755,13080,10233,11732,14395,13661,13651
새내로,상행,평균통행속도,2017년,28,30,27,27,28,28,27,28,27,31,30,30
새내로,상행,점유율,2017년,9,11,13,12,12,12,12,12,12,10,10,10
새내로,하행,차로당도로교통량,2017년,5145,5337,5935,3004,5850,6798,6219,4899,5540,6382,6665,6873
새내로,하행,평균통행속도,2017년,25,30,28,29,31,30,30,30,31,36,37,38
새내로,하행,점유율,2017년,11,10,12,10,11,10,10,11,11,8,7,7
시목부강로,상행,차로당도로교통량,2017년,3046,2356,2744,1356,2540,2796,250,0,2349,3131,2858,2910
시목부강로,상행,평균통행속도,2017년,46,54,53,52,52,51,49,0,51,53,53,53
시목부강로,상행,점유율,2017년,3,4,5,5,5,5,5,0,7,4,4,4
시목부강로,하행,차로당도로교통량,2017년,13299,12235,14757,6220,12289,14698,1280,0,10684,13257,13324,13198
시목부강로,하행,평균통행속도,2017년,47,49,50,49,49,48,46,0,48,50,50,49
시목부강로,하행,점유율,2017년,3,4,5,5,5,5,5,0,6,4,4,4
시청대로,상행,차로당도로교통량,2017년,0,0,0,0,0,0,0,2870,4878,5223,5143,0
시청대로,상행,평균통행속도,2017년,0,0,0,0,0,0,0,46,47,46,46,0
시청대로,상행,점유율,2017년,0,0,0,0,0,0,0,2,2,2,2,0
시청대로,하행,차로당도로교통량,2017년,0,0,0,0,0,0,0,3113,4959,5758,5474,6033
시청대로,하행,평균통행속도,2017년,0,0,0,0,0,0,0,44,45,45,46,46
시청대로,하행,점유율,2017년,0,0,0,0,0,0,0,3,3,3,3,3
연청로,상행,차로당도로교통량,2017년,8764,7748,8886,3640,8211,8763,123,0,7835,8995,9361,9664
연청로,상행,평균통행속도,2017년,77,84,85,84,85,85,76,0,84,86,85,84
연청로,상행,점유율,2017년,2,2,2,2,2,2,3,0,3,2,2,2
연청로,하행,차로당도로교통량,2017년,7365,7167,9100,4581,8300,8627,81,0,7628,7515,11119,10006
연청로,하행,평균통행속도,2017년,78,82,84,83,79,79,77,0,81,84,82,83
연청로,하행,점유율,2017년,2,3,3,4,4,4,3,0,5,3,3,3
용연로,상행,차로당도로교통량,2017년,1012,943,1144,523,1178,1302,1192,980,1141,1370,1249,1087
용연로,상행,평균통행속도,2017년,49,58,58,59,60,61,60,60,61,63,62,62
용연로,상행,점유율,2017년,1,2,2,2,2,2,2,2,2,2,2,2
용연로,하행,차로당도로교통량,2017년,2762,2622,3470,1729,3246,3671,3070,2472,3456,4140,3414,2669
용연로,하행,평균통행속도,2017년,51,61,62,61,60,61,60,60,59,62,63,62
용연로,하행,점유율,2017년,2,2,2,3,3,3,3,3,4,3,2,2
일반국도1호선,상행,차로당도로교통량,2017년,32591,29947,32834,17359,26861,34537,32731,19466,28799,25492,36519,38926
일반국도1호선,상행,평균통행속도,2017년,74,78,79,79,79,78,77,77,78,78,78,78
일반국도1호선,상행,점유율,2017년,4,5,6,6,7,7,6,6,7,6,5,5
일반국도1호선,하행,차로당도로교통량,2017년,37398,39528,48824,22442,41586,47995,0,0,36277,31961,44786,49680
일반국도1호선,하행,평균통행속도,2017년,80,81,82,80,80,80,0,0,80,80,80,79
일반국도1호선,하행,점유율,2017년,5,7,7,7,8,7,0,0,8,6,6,6
일반국도36호선,상행,차로당도로교통량,2017년,37557,33914,37771,16951,36622,42399,37591,28076,35558,43051,40680,42993
일반국도36호선,상행,평균통행속도,2017년,57,61,62,63,62,61,61,60,61,60,59,58
일반국도36호선,상행,점유율,2017년,4,5,5,5,5,6,5,5,6,5,6,6
일반국도36호선,하행,차로당도로교통량,2017년,35511,30135,33343,15862,30878,35310,7407,24045,30507,40125,35613,37987
일반국도36호선,하행,평균통행속도,2017년,48,50,50,50,49,48,48,46,38,35,35,37
일반국도36호선,하행,점유율,2017년,7,7,7,8,8,8,7,9,12,14,14,12
절재로,상행,차로당도로교통량,2017년,0,0,0,0,0,0,0,9410,15593,18900,18019,18907
절재로,상행,평균통행속도,2017년,0,0,0,0,0,0,0,73,72,71,68,67
절재로,상행,점유율,2017년,0,0,0,0,0,0,0,4,4,4,5,6
절재로,하행,차로당도로교통량,2017년,0,0,0,0,0,0,0,11493,21943,25592,25441,25947
절재로,하행,평균통행속도,2017년,0,0,0,0,0,0,0,65,66,66,62,62
절재로,하행,점유율,2017년,0,0,0,0,0,0,0,6,6,6,7,6
정안세종로,상행,차로당도로교통량,2017년,21056,20643,23545,10505,21484,24466,20413,16023,21248,27325,26050,25675
정안세종로,상행,평균통행속도,2017년,58,60,62,62,62,62,60,62,61,60,58,58
정안세종로,상행,점유율,2017년,2,2,2,2,2,2,2,2,3,3,3,3
정안세종로,하행,차로당도로교통량,2017년,13622,11600,12805,6200,13093,14414,11985,9220,12163,15167,13428,13658
정안세종로,하행,평균통행속도,2017년,59,67,68,67,67,68,68,67,67,65,64,64
정안세종로,하행,점유율,2017년,2,2,2,2,2,2,2,2,2,2,2,2
조치원로,상행,차로당도로교통량,2017년,15368,13410,13784,5629,12647,12282,12055,8794,11584,13812,13851,10466
조치원로,상행,평균통행속도,2017년,29,32,29,26,26,24,26,24,30,33,35,35
조치원로,상행,점유율,2017년,9,11,13,16,13,16,14,15,11,9,8,8
조치원로,하행,차로당도로교통량,2017년,7475,6377,6928,2641,5897,6323,5318,3868,5221,6300,6295,4910
조치원로,하행,평균통행속도,2017년,25,28,26,20,24,22,19,18,24,29,25,25
조치원로,하행,점유율,2017년,13,16,17,24,19,21,24,25,20,13,20,20
지방도604호선,상행,차로당도로교통량,2017년,11742,9971,11925,5880,3737,0,0,0,7629,5930,8102,10461
지방도604호선,상행,평균통행속도,2017년,84,93,94,93,94,0,0,0,93,94,97,96
지방도604호선,상행,점유율,2017년,2,3,2,3,2,0,0,0,3,4,2,2
지방도604호선,하행,차로당도로교통량,2017년,13367,12099,14084,6187,2034,5017,0,0,11560,9910,15786,15706
지방도604호선,하행,평균통행속도,2017년,87,93,94,94,109,105,0,0,94,94,94,94
지방도604호선,하행,점유율,2017년,2,3,3,3,6,10,0,0,4,2,2,2
지방도96호선,상행,차로당도로교통량,2017년,11514,11156,12560,4671,9251,28041,24103,13920,11357,11659,11367,12240
지방도96호선,상행,평균통행속도,2017년,61,66,66,65,52,42,41,48,63,61,73,72
지방도96호선,상행,점유율,2017년,3,4,4,4,6,8,8,6,5,4,2,2
지방도96호선,하행,차로당도로교통량,2017년,8019,7194,6999,3006,8550,9736,5394,7308,6098,6622,6893,6532
지방도96호선,하행,평균통행속도,2017년,62,66,69,72,70,72,50,51,74,70,73,70
지방도96호선,하행,점유율,2017년,2,3,3,3,3,3,2,2,3,2,2,3
청연로,상행,차로당도로교통량,2017년,12003,11033,14028,6517,13151,14792,12310,9515,11970,13907,13862,12669
청연로,상행,평균통행속도,2017년,52,55,56,55,56,56,54,54,56,56,55,54
청연로,상행,점유율,2017년,3,4,4,4,5,4,4,4,5,4,4,4
청연로,하행,차로당도로교통량,2017년,5635,5101,6413,2957,6249,6767,6036,4471,5501,6174,5918,5972
청연로,하행,평균통행속도,2017년,55,59,58,58,57,58,56,56,57,58,58,58
청연로,하행,점유율,2017년,4,5,5,5,5,5,5,5,5,4,4,4
충현로,상행,차로당도로교통량,2017년,6011,5706,6901,3026,6579,7292,6278,4783,5700,6643,6403,6702
충현로,상행,평균통행속도,2017년,33,35,34,34,33,33,32,32,33,34,35,34
충현로,상행,점유율,2017년,5,6,7,8,8,8,8,8,8,7,7,6
충현로,하행,차로당도로교통량,2017년,23326,22366,26012,11347,23478,26642,23456,18333,21492,24707,24320,25389
충현로,하행,평균통행속도,2017년,35,36,36,35,35,35,34,35,36,36,36,36
충현로,하행,점유율,2017년,6,7,8,8,8,8,8,8,8,7,7,7
평기길,상행,차로당도로교통량,2017년,1396,1228,1573,1078,1583,1766,1351,1089,1461,2080,1590,1236
평기길,상행,평균통행속도,2017년,38,45,46,46,46,45,45,44,46,46,46,46
평기길,상행,점유율,2017년,2,3,3,3,3,3,3,3,3,3,3,3
평기길,하행,차로당도로교통량,2017년,3745,3608,4484,1922,4403,4903,3826,2985,3814,5290,4243,3628
평기길,하행,평균통행속도,2017년,45,53,54,53,53,52,53,51,53,54,53,54
평기길,하행,점유율,2017년,2,3,3,3,3,3,3,3,3,3,3,3
한누리대로,상행,차로당도로교통량,2017년,12569,19537,24667,11247,22651,24831,20741,10980,16942,13637,19101,18571
한누리대로,상행,평균통행속도,2017년,56,54,54,54,55,55,54,56,56,57,56,53
한누리대로,상행,점유율,2017년,5,7,7,7,7,7,7,6,6,6,6,7
한누리대로,하행,차로당도로교통량,2017년,8371,17978,23212,10647,22302,25974,22467,13207,16886,14308,18427,17574
한누리대로,하행,평균통행속도,2017년,55,54,53,53,53,53,52,54,55,55,53,51
한누리대로,하행,점유율,2017년,5,6,6,6,6,7,6,6,5,5,6,7
갈매로,상행,차로당도로교통량,2018년,7418,9947,9146,9094,6008,13114,9524,9395,13059,14824,14066,11566
갈매로,상행,평균통행속도,2018년,52,52,53,53,53,54,53,53,52,50,51,51
갈매로,상행,점유율,2018년,2,2,2,2,2,2,2,2,2,3,3,2
갈매로,하행,차로당도로교통량,2018년,3416,5710,8024,7737,5004,12018,8939,8982,12061,13879,13572,10732
갈매로,하행,평균통행속도,2018년,52,52,50,50,49,50,49,49,48,47,47,47
갈매로,하행,점유율,2018년,2,2,2,2,2,2,2,2,2,3,2,2
당산로,상행,차로당도로교통량,2018년,9998,14773,13228,13529,9204,18674,14285,14330,12044,9981,18185,14770
당산로,상행,평균통행속도,2018년,55,56,55,54,54,52,51,51,51,51,52,53
당산로,상행,점유율,2018년,4,4,5,5,5,5,5,5,5,6,4,4
당산로,하행,차로당도로교통량,2018년,5021,7628,6830,7123,4604,9774,7394,7573,6055,5252,9839,7800
당산로,하행,평균통행속도,2018년,54,55,54,53,53,51,50,50,49,49,50,51
당산로,하행,점유율,2018년,3,3,4,4,4,4,4,4,4,6,4,3
산학리길,상행,차로당도로교통량,2018년,1933,2875,2710,2593,1714,4116,3156,3168,4621,4918,4220,3156
산학리길,상행,평균통행속도,2018년,60,63,62,61,60,57,56,57,58,57,58,55
산학리길,상행,점유율,2018년,2,2,2,3,3,3,3,3,3,2,2,2
산학리길,하행,차로당도로교통량,2018년,2774,4066,3945,3600,2466,5903,4263,4477,6684,6961,5954,2915
산학리길,하행,평균통행속도,2018년,63,65,63,62,62,58,57,60,60,60,60,48
산학리길,하행,점유율,2018년,2,2,2,3,3,3,3,3,3,2,2,4
새내로,상행,차로당도로교통량,2018년,10197,13992,12754,11842,7792,17750,13166,13665,17273,17884,17858,15051
새내로,상행,평균통행속도,2018년,31,31,31,31,30,30,31,31,29,31,31,31
새내로,상행,점유율,2018년,9,10,12,11,12,11,11,11,12,9,10,9
새내로,하행,차로당도로교통량,2018년,4971,6820,5912,5429,3606,8294,6273,6589,8331,9013,9090,7688
새내로,하행,평균통행속도,2018년,37,36,35,35,35,35,35,35,35,38,37,38
새내로,하행,점유율,2018년,8,9,10,10,10,10,10,9,9,7,8,7
시목부강로,상행,차로당도로교통량,2018년,1976,2760,2331,2331,1560,2236,2299,2363,3414,3648,3658,3077
시목부강로,상행,평균통행속도,2018년,52,53,52,51,51,50,50,50,50,51,51,51
시목부강로,상행,점유율,2018년,4,4,5,5,5,6,5,5,4,4,4,4
시목부강로,하행,차로당도로교통량,2018년,9731,12491,11267,10876,6735,14858,10550,11857,15462,17384,16963,13227
시목부강로,하행,평균통행속도,2018년,49,50,49,48,48,47,46,47,47,47,48,48
시목부강로,하행,점유율,2018년,4,4,5,5,5,5,5,5,4,4,4,4
시청대로,상행,차로당도로교통량,2018년,2044,5834,6261,5686,3312,8378,6715,7030,8061,8754,9632,1987
시청대로,상행,평균통행속도,2018년,45,46,46,46,47,47,46,46,47,47,46,45
시청대로,상행,점유율,2018년,2,2,2,2,2,2,2,2,2,2,3,3
시청대로,하행,차로당도로교통량,2018년,4272,5868,6592,6281,3553,8851,7164,7491,9407,10508,10944,8855
시청대로,하행,평균통행속도,2018년,47,48,48,48,48,48,48,50,49,48,48,48
시청대로,하행,점유율,2018년,2,2,3,3,3,3,3,3,3,3,3,3
연청로,상행,차로당도로교통량,2018년,6345,9247,7549,3106,4965,11153,6265,6393,10720,11770,12599,9859
연청로,상행,평균통행속도,2018년,85,86,85,85,85,84,84,84,85,85,85,84
연청로,상행,점유율,2018년,2,2,2,3,2,2,3,2,2,2,2,2
연청로,하행,차로당도로교통량,2018년,6456,9163,8199,3572,6017,11748,8339,6462,12763,13517,14212,10470
연청로,하행,평균통행속도,2018년,82,83,79,78,80,80,79,81,82,82,79,80
연청로,하행,점유율,2018년,2,3,3,4,4,3,3,3,3,3,3,3
용연로,상행,차로당도로교통량,2018년,728,1153,1044,1128,731,1655,1341,1343,887,884,1700,1226
용연로,상행,평균통행속도,2018년,62,64,61,62,61,61,60,58,59,58,62,62
용연로,상행,점유율,2018년,2,2,2,2,2,2,2,2,2,4,2,2
용연로,하행,차로당도로교통량,2018년,1863,3037,2848,2913,1991,4126,3079,3083,2385,2357,4417,3161
용연로,하행,평균통행속도,2018년,61,63,62,62,61,61,60,59,57,60,62,63
용연로,하행,점유율,2018년,2,2,2,2,3,3,3,3,5,5,2,2
일반국도1호선,상행,차로당도로교통량,2018년,28273,38810,34672,32712,23173,48344,38077,35662,55405,57289,54880,10420
일반국도1호선,상행,평균통행속도,2018년,78,78,78,78,78,77,77,77,78,77,77,76
일반국도1호선,상행,점유율,2018년,5,5,6,7,6,6,6,6,6,6,6,5
일반국도1호선,하행,차로당도로교통량,2018년,34425,45876,24839,42214,27102,19076,0,0,0,0,0,0
일반국도1호선,하행,평균통행속도,2018년,80,80,79,77,79,80,0,0,0,0,0,0
일반국도1호선,하행,점유율,2018년,5,6,8,8,7,7,0,0,0,0,0,0
일반국도36호선,상행,차로당도로교통량,2018년,30134,40337,33151,27710,19426,42567,28922,29124,41700,41209,43369,35593
일반국도36호선,상행,평균통행속도,2018년,59,61,59,56,56,52,52,49,56,55,54,53
일반국도36호선,상행,점유율,2018년,5,5,6,5,5,6,6,6,5,5,5,5
일반국도36호선,하행,차로당도로교통량,2018년,25225,35722,28445,24952,17155,37202,26064,26665,32884,42770,41150,33368
일반국도36호선,하행,평균통행속도,2018년,40,40,40,47,46,49,48,47,48,47,47,48
일반국도36호선,하행,점유율,2018년,10,10,10,8,9,8,8,8,9,9,10,9
절재로,상행,차로당도로교통량,2018년,13448,19626,18111,16145,10363,24405,18664,18392,23706,15292,27255,20999
절재로,상행,평균통행속도,2018년,69,73,73,74,74,73,73,73,72,71,72,72
절재로,상행,점유율,2018년,5,4,4,4,4,4,4,4,4,4,5,4
절재로,하행,차로당도로교통량,2018년,19348,25305,25012,21213,13868,30444,25397,26489,32309,36820,36421,27971
절재로,하행,평균통행속도,2018년,62,67,67,68,68,68,67,68,67,64,65,66
절재로,하행,점유율,2018년,7,5,6,5,5,5,6,6,6,7,7,6
정안세종로,상행,차로당도로교통량,2018년,16808,25440,22097,20867,14283,30986,21859,22415,30874,32689,34892,27428
정안세종로,상행,평균통행속도,2018년,60,60,63,63,62,63,62,62,61,58,58,59
정안세종로,상행,점유율,2018년,2,3,3,3,3,3,2,2,3,3,3,3
정안세종로,하행,차로당도로교통량,2018년,9409,13852,11588,11433,8207,17676,12260,12777,19645,23089,20150,14250
정안세종로,하행,평균통행속도,2018년,65,66,68,68,68,69,69,69,66,63,64,65
정안세종로,하행,점유율,2018년,2,2,2,2,2,2,2,2,2,2,2,2
조치원로,상행,차로당도로교통량,2018년,7444,14442,12597,11619,7997,17627,13271,13466,17538,19220,18165,15148
조치원로,상행,평균통행속도,2018년,36,35,35,34,34,34,36,35,32,33,33,33
조치원로,상행,점유율,2018년,8,9,9,9,9,9,9,9,10,9,9,8
조치원로,하행,차로당도로교통량,2018년,3373,5833,4461,3889,2542,5838,4380,4413,6219,8629,8934,7241
조치원로,하행,평균통행속도,2018년,28,26,25,23,23,23,23,23,23,27,26,28
조치원로,하행,점유율,2018년,16,19,22,25,25,24,23,24,22,16,17,13
지방도604호선,상행,차로당도로교통량,2018년,7147,9841,8796,7222,3967,468,49,0,10425,14404,14626,11344
지방도604호선,상행,평균통행속도,2018년,94,95,94,97,95,100,139,0,94,93,94,93
지방도604호선,상행,점유율,2018년,2,2,3,2,2,5,12,0,2,2,2,2
지방도604호선,하행,차로당도로교통량,2018년,10910,15263,14051,5632,8721,17511,10413,12758,12615,15875,16863,4068
지방도604호선,하행,평균통행속도,2018년,93,93,94,94,94,93,91,92,94,93,93,93
지방도604호선,하행,점유율,2018년,2,2,3,3,4,3,4,3,3,2,2,2
지방도96호선,상행,차로당도로교통량,2018년,8754,12219,10809,1671,7209,13100,12790,12064,16747,18048,17839,14749
지방도96호선,상행,평균통행속도,2018년,73,73,73,79,74,69,60,58,63,62,62,62
지방도96호선,상행,점유율,2018년,2,2,2,2,2,3,5,5,4,4,4,4
지방도96호선,하행,차로당도로교통량,2018년,4202,5970,5536,4633,4028,8481,5074,9854,13504,13479,13995,9600
지방도96호선,하행,평균통행속도,2018년,71,70,70,66,72,73,71,66,68,67,67,55
지방도96호선,하행,점유율,2018년,2,3,4,5,4,2,3,4,4,4,4,7
청연로,상행,차로당도로교통량,2018년,9115,12806,11178,11261,7509,16607,11704,12586,17021,17573,18898,14245
청연로,상행,평균통행속도,2018년,54,55,54,55,55,55,54,54,54,52,53,53
청연로,상행,점유율,2018년,4,4,4,4,4,4,4,4,4,4,5,4
청연로,하행,차로당도로교통량,2018년,3979,5622,5033,4936,3214,7296,5215,5249,7409,7670,7346,5976
청연로,하행,평균통행속도,2018년,58,58,57,57,57,57,56,56,56,56,56,60
청연로,하행,점유율,2018년,4,4,5,5,5,5,5,5,5,4,4,3
충현로,상행,차로당도로교통량,2018년,4663,6315,5881,5160,3600,7979,5893,5802,7987,8315,8039,6719
충현로,상행,평균통행속도,2018년,34,34,33,33,33,33,32,32,34,34,34,35
충현로,상행,점유율,2018년,6,6,8,8,8,8,8,8,7,6,6,6
충현로,하행,차로당도로교통량,2018년,17755,24357,22180,19488,13418,30451,22428,22861,30942,32610,31572,25708
충현로,하행,평균통행속도,2018년,35,36,35,35,35,35,35,35,36,35,35,36
충현로,하행,점유율,2018년,7,7,8,8,8,8,8,8,8,8,8,7
평기길,상행,차로당도로교통량,2018년,846,1341,1063,1180,744,1622,1133,1074,2102,1764,1917,1256
평기길,상행,평균통행속도,2018년,45,46,46,47,46,46,45,45,46,44,45,46
평기길,상행,점유율,2018년,3,3,3,3,3,3,3,2,3,2,3,2
평기길,하행,차로당도로교통량,2018년,2751,3573,3510,2907,1670,4900,3389,3247,5268,5605,5429,4052
평기길,하행,평균통행속도,2018년,52,53,54,53,53,53,52,53,53,52,53,53
평기길,하행,점유율,2018년,4,3,3,3,3,3,3,3,3,2,3,2
한누리대로,상행,차로당도로교통량,2018년,14773,20202,19639,17922,9612,23816,18910,18920,24291,16690,26722,23477
한누리대로,상행,평균통행속도,2018년,53,53,54,54,55,55,55,55,55,54,54,53
한누리대로,상행,점유율,2018년,6,6,6,7,6,6,6,6,6,6,7,7
한누리대로,하행,차로당도로교통량,2018년,14052,18317,20123,17009,11459,26960,19555,20173,25998,19914,30218,25758
한누리대로,하행,평균통행속도,2018년,51,53,53,52,53,53,52,53,52,51,51,50
한누리대로,하행,점유율,2018년,6,6,6,6,6,6,7,6,7,7,7,8
갈매로,상행,차로당도로교통량,2019년,13357,10998,13142,13470,14105,12938,12437,13854,12992,15466,14434,14161
갈매로,상행,평균통행속도,2019년,52,52,53,53,53,53,53,53,52,50,50,50
갈매로,상행,점유율,2019년,2,2,2,2,2,2,2,2,2,2,2,2
갈매로,하행,차로당도로교통량,2019년,12369,10071,12049,12759,13097,12032,12024,12607,12234,14450,11539,8380
갈매로,하행,평균통행속도,2019년,48,50,50,50,50,50,48,49,49,47,48,54
갈매로,하행,점유율,2019년,2,2,2,2,2,2,2,2,2,2,2,1
당산로,상행,차로당도로교통량,2019년,17806,16655,19113,19048,19523,17636,17953,19213,18035,18183,19056,17815
당산로,상행,평균통행속도,2019년,53,53,53,52,52,51,49,49,49,49,50,49
당산로,상행,점유율,2019년,4,4,5,5,5,5,5,5,5,5,4,4
당산로,하행,차로당도로교통량,2019년,9395,8494,10201,10887,10553,9671,10074,10627,9960,10052,10276,9493
당산로,하행,평균통행속도,2019년,51,51,50,49,50,50,49,49,48,49,49,48
당산로,하행,점유율,2019년,3,3,4,4,4,4,4,4,4,4,4,4
산학리길,상행,차로당도로교통량,2019년,3620,3193,4031,4439,4322,4289,4367,4486,4543,5755,4663,4530
산학리길,상행,평균통행속도,2019년,61,61,61,60,58,56,57,56,57,57,59,59
산학리길,상행,점유율,2019년,2,2,2,3,3,3,3,3,3,3,2,2
산학리길,하행,차로당도로교통량,2019년,4180,4580,5811,5906,5346,5835,6569,6378,6878,7930,6691,6428
산학리길,하행,평균통행속도,2019년,57,57,58,57,56,54,59,59,59,60,62,62
산학리길,하행,점유율,2019년,2,2,2,3,2,3,3,3,3,3,2,2
새내로,상행,차로당도로교통량,2019년,17216,15211,18113,17774,18360,16849,18327,18628,17106,18879,18663,15688
새내로,상행,평균통행속도,2019년,31,32,31,31,32,31,29,30,29,31,31,31
새내로,상행,점유율,2019년,9,10,12,11,11,10,11,11,12,9,9,9
새내로,하행,차로당도로교통량,2019년,8578,7500,8734,8525,8581,7817,8367,8484,8048,8866,8957,7936
새내로,하행,평균통행속도,2019년,39,38,36,35,36,37,35,35,35,37,38,39
새내로,하행,점유율,2019년,7,7,9,10,9,9,9,9,9,7,7,7
시목부강로,상행,차로당도로교통량,2019년,710,0,2728,3418,3550,3200,3273,3429,3501,3675,3601,3298
시목부강로,상행,평균통행속도,2019년,53,0,51,51,52,51,51,51,51,52,53,53
시목부강로,상행,점유율,2019년,3,0,5,5,5,5,5,5,5,5,4,3
시목부강로,하행,차로당도로교통량,2019년,3232,0,13486,17032,17287,14982,16152,15783,15581,17703,17406,16463
시목부강로,하행,평균통행속도,2019년,50,0,48,48,50,50,49,49,49,50,50,49
시목부강로,하행,점유율,2019년,3,0,5,5,5,5,5,5,4,4,4,4
시청대로,상행,차로당도로교통량,2019년,1082,380,6591,11301,12003,11358,10461,11128,10490,12282,12092,12981
시청대로,상행,평균통행속도,2019년,45,46,47,46,47,47,46,44,44,44,44,42
시청대로,상행,점유율,2019년,2,2,3,3,3,3,3,3,3,4,4,4
시청대로,하행,차로당도로교통량,2019년,10705,8915,11410,12002,12171,11546,11796,11654,11045,12813,12410,12150
시청대로,하행,평균통행속도,2019년,49,50,50,50,50,50,49,47,47,46,46,45
시청대로,하행,점유율,2019년,3,3,3,3,3,3,3,3,3,4,4,4
연청로,상행,차로당도로교통량,2019년,11906,9518,11463,12214,12625,11002,12261,12163,11250,13376,13183,11859
연청로,상행,평균통행속도,2019년,85,86,85,84,85,84,82,83,83,84,84,83
연청로,상행,점유율,2019년,2,2,2,2,2,2,2,2,2,2,2,2
연청로,하행,차로당도로교통량,2019년,11812,11286,13542,13203,13348,11966,10470,13586,12484,14428,14838,12506
연청로,하행,평균통행속도,2019년,82,82,81,81,82,82,81,81,81,81,82,80
연청로,하행,점유율,2019년,3,3,3,3,3,3,3,3,3,3,3,3
용연로,상행,차로당도로교통량,2019년,1447,1386,1731,1823,1841,1653,1715,1799,1788,1879,1938,1623
용연로,상행,평균통행속도,2019년,63,63,62,62,62,63,60,60,60,62,62,61
용연로,상행,점유율,2019년,2,2,2,2,2,2,2,2,2,2,2,2
용연로,하행,차로당도로교통량,2019년,3994,4494,4739,4874,5144,4379,4235,4827,5119,5535,5509,4211
용연로,하행,평균통행속도,2019년,63,63,63,62,63,63,59,60,58,60,61,61
용연로,하행,점유율,2019년,2,2,2,2,2,3,3,3,3,2,2,2
일반국도1호선,상행,차로당도로교통량,2019년,40170,46379,56729,56967,56667,54598,52759,58618,56665,60285,35600,59664
일반국도1호선,상행,평균통행속도,2019년,77,77,78,76,78,78,77,77,76,77,77,76
일반국도1호선,상행,점유율,2019년,6,6,6,8,7,7,7,7,7,6,6,6
일반국도1호선,하행,차로당도로교통량,2019년,0,27551,59557,58792,58950,55510,55472,56074,55193,62200,54854,53618
일반국도1호선,하행,평균통행속도,2019년,0,80,80,80,79,79,79,79,78,78,78,79
일반국도1호선,하행,점유율,2019년,0,7,6,7,7,7,6,7,6,7,6,6
일반국도36호선,상행,차로당도로교통량,2019년,38375,32417,37125,37547,39318,35063,31463,32159,19835,16993,9228,34068
일반국도36호선,상행,평균통행속도,2019년,42,35,42,59,59,41,48,59,61,60,60,57
일반국도36호선,상행,점유율,2019년,7,8,7,5,5,8,7,5,3,3,2,5
일반국도36호선,하행,차로당도로교통량,2019년,38922,29649,35704,37909,39297,38057,31162,37427,36264,44048,40753,39401
일반국도36호선,하행,평균통행속도,2019년,44,47,45,48,48,37,40,47,48,46,45,46
일반국도36호선,하행,점유율,2019년,11,10,11,10,10,11,10,10,10,11,12,11
절재로,상행,차로당도로교통량,2019년,25615,21517,26358,27819,28211,26549,23853,28702,27317,32186,30852,30796
절재로,상행,평균통행속도,2019년,73,74,74,73,74,72,72,72,71,68,69,70
절재로,상행,점유율,2019년,4,4,4,4,5,4,4,4,4,5,5,5
절재로,하행,차로당도로교통량,2019년,34333,28915,35087,36172,35394,33378,30521,34945,33888,38856,38284,37829
절재로,하행,평균통행속도,2019년,67,68,67,67,67,66,66,67,65,64,64,64
절재로,하행,점유율,2019년,6,5,6,6,6,6,6,6,6,7,7,7
정안세종로,상행,차로당도로교통량,2019년,31568,28129,34158,33684,34062,32477,26958,34051,30620,36867,36789,35260
정안세종로,상행,평균통행속도,2019년,60,61,62,63,66,66,60,61,60,58,57,57
정안세종로,상행,점유율,2019년,3,3,3,3,2,2,3,3,3,3,3,3
정안세종로,하행,차로당도로교통량,2019년,16445,16191,18977,18508,20706,17692,17234,18737,18817,21266,22466,20367
정안세종로,하행,평균통행속도,2019년,67,67,68,67,63,64,66,67,65,64,62,63
정안세종로,하행,점유율,2019년,2,2,2,2,2,2,2,2,2,2,3,2
조치원로,상행,차로당도로교통량,2019년,17825,15836,16963,17387,17904,16311,17003,17393,16457,18252,18636,18741
조치원로,상행,평균통행속도,2019년,35,33,32,33,33,33,33,33,32,33,34,34
조치원로,상행,점유율,2019년,9,9,10,9,9,10,9,9,9,9,10,8
조치원로,하행,차로당도로교통량,2019년,8447,7218,7675,7695,8217,7614,7789,7986,7432,8625,8902,8989
조치원로,하행,평균통행속도,2019년,29,28,27,26,27,27,26,26,26,28,28,28
조치원로,하행,점유율,2019년,13,14,16,17,15,15,16,16,16,12,14,12
지방도604호선,상행,차로당도로교통량,2019년,12647,10559,13631,13452,11854,1023,7903,9420,6835,13879,15566,16115
지방도604호선,상행,평균통행속도,2019년,93,94,94,94,95,91,93,92,89,93,92,92
지방도604호선,상행,점유율,2019년,2,2,2,2,2,3,3,4,3,2,2,2
지방도604호선,하행,차로당도로교통량,2019년,15284,17139,18344,21090,19866,18802,20538,21541,20061,21957,23394,23569
지방도604호선,하행,평균통행속도,2019년,94,95,94,94,93,93,93,92,92,93,93,92
지방도604호선,하행,점유율,2019년,3,2,2,3,3,3,3,3,3,3,2,2
지방도96호선,상행,차로당도로교통량,2019년,17138,15414,18007,18023,16359,16431,16380,16577,17207,19763,18040,18205
지방도96호선,상행,평균통행속도,2019년,63,64,64,64,66,64,61,59,62,62,61,61
지방도96호선,상행,점유율,2019년,4,4,4,4,4,4,4,5,4,5,5,4
지방도96호선,하행,차로당도로교통량,2019년,11260,10136,13378,13356,14712,13766,11937,13091,15998,18654,13544,13346
지방도96호선,하행,평균통행속도,2019년,62,66,65,64,68,69,66,66,65,65,63,60
지방도96호선,하행,점유율,2019년,8,6,6,6,5,4,4,4,4,5,5,7
청연로,상행,차로당도로교통량,2019년,4774,7678,17839,18692,15977,15673,16870,17602,16558,18798,18654,16303
청연로,상행,평균통행속도,2019년,55,55,54,53,54,54,53,53,52,51,50,50
청연로,상행,점유율,2019년,3,6,4,5,5,4,4,4,4,4,5,4
청연로,하행,차로당도로교통량,2019년,1935,3137,7283,7453,6802,6425,6892,6921,6721,7500,7323,6840
청연로,하행,평균통행속도,2019년,60,60,60,59,59,59,57,57,58,52,46,47
청연로,하행,점유율,2019년,3,6,4,5,5,5,5,5,4,5,5,5
충현로,상행,차로당도로교통량,2019년,7488,6729,8608,8373,8666,7578,7766,7908,8011,8412,8217,7922
충현로,상행,평균통행속도,2019년,35,35,33,33,33,34,33,33,34,34,35,35
충현로,상행,점유율,2019년,6,6,8,8,8,7,8,7,7,7,6,6
충현로,하행,차로당도로교통량,2019년,30038,26178,32807,31441,32657,28627,29323,29323,29433,31520,31042,30701
충현로,하행,평균통행속도,2019년,36,37,35,35,35,35,34,35,35,36,36,36
충현로,하행,점유율,2019년,7,7,8,8,8,8,8,7,7,7,7,7
평기길,상행,차로당도로교통량,2019년,1430,1479,1683,1948,1899,1747,234,586,200,1291,1956,1588
평기길,상행,평균통행속도,2019년,47,45,45,45,43,45,46,46,46,47,47,46
평기길,상행,점유율,2019년,2,3,3,3,3,3,3,2,2,5,2,2
평기길,하행,차로당도로교통량,2019년,4874,2455,5317,5743,5919,5134,4078,1719,636,3098,5545,5209
평기길,하행,평균통행속도,2019년,54,53,52,52,52,53,52,52,51,52,52,52
평기길,하행,점유율,2019년,2,3,3,3,3,3,3,3,3,5,3,3
한누리대로,상행,차로당도로교통량,2019년,27331,23428,27965,26997,28223,25900,26435,27823,25941,20429,27628,28836
한누리대로,상행,평균통행속도,2019년,53,54,54,54,53,53,53,53,52,52,52,51
한누리대로,상행,점유율,2019년,6,6,6,7,7,6,7,7,7,7,7,7
한누리대로,하행,차로당도로교통량,2019년,30039,25557,30586,30688,30433,28996,29003,30739,28629,20637,28752,31678
한누리대로,하행,평균통행속도,2019년,51,52,51,51,51,51,50,50,50,50,49,49
한누리대로,하행,점유율,2019년,7,7,7,8,8,7,8,8,8,8,8,8
갈매로,상행,차로당도로교통량,2020년,12726,11710,10641,7643,13500,12996,13843,12538,13854,15657,11799,17609
갈매로,상행,평균통행속도,2020년,51,52,53,41,52,52,52,51,51,49,45,49
갈매로,상행,점유율,2020년,2,2,2,2,2,2,2,2,2,3,4,3
갈매로,하행,차로당도로교통량,2020년,7615,6922,7395,2610,8423,10273,15184,13472,13107,10409,12632,15172
갈매로,하행,평균통행속도,2020년,55,56,57,32,56,50,48,48,47,42,41,41
갈매로,하행,점유율,2020년,1,1,1,1,1,2,2,2,2,3,3,3
구즉세종로,상행,차로당도로교통량,2020년,0,0,0,8047,11161,8318,9744,8060,14796,17041,28956,21804
구즉세종로,상행,평균통행속도,2020년,0,0,0,58,76,76,74,73,74,77,77,78
구즉세종로,상행,점유율,2020년,0,0,0,4,6,6,6,6,6,6,6,5
구즉세종로,하행,차로당도로교통량,2020년,0,0,0,4466,5147,9825,10153,9521,0,13248,31796,28799
구즉세종로,하행,평균통행속도,2020년,0,0,0,51,64,63,62,65,0,65,60,61
구즉세종로,하행,점유율,2020년,0,0,0,13,13,15,15,12,0,12,14,13
당산로,상행,차로당도로교통량,2020년,17591,14692,15225,10885,18965,17181,18492,16356,17724,19329,18458,17876
당산로,상행,평균통행속도,2020년,50,50,50,44,49,48,48,47,48,49,49,49
당산로,상행,점유율,2020년,4,4,4,4,5,6,6,6,6,5,4,4
당산로,하행,차로당도로교통량,2020년,9427,8171,9221,6750,10090,9528,10223,8910,9990,10422,9976,9486
당산로,하행,평균통행속도,2020년,49,49,50,44,48,47,47,47,47,48,48,48
당산로,하행,점유율,2020년,4,4,4,4,4,4,4,4,4,4,4,3
산학리길,상행,차로당도로교통량,2020년,4072,3738,3769,2736,4602,4602,4769,4720,5004,6012,5191,4840
산학리길,상행,평균통행속도,2020년,60,61,61,46,59,58,57,54,56,57,58,59
산학리길,상행,점유율,2020년,2,2,2,2,2,3,3,3,2,3,2,2
산학리길,하행,차로당도로교통량,2020년,5522,5366,6286,4215,7207,6610,6997,6352,7520,8519,7810,7112
산학리길,하행,평균통행속도,2020년,63,63,63,48,62,60,59,55,58,60,60,60
산학리길,하행,점유율,2020년,2,2,2,2,2,2,3,3,3,3,2,2
새내로,상행,차로당도로교통량,2020년,11179,10201,10785,7885,12537,12838,12808,12333,12749,17162,16696,16433
새내로,상행,평균통행속도,2020년,28,28,28,20,25,27,30,29,28,32,31,32
새내로,상행,점유율,2020년,12,11,11,9,14,15,13,12,12,9,9,8
새내로,하행,차로당도로교통량,2020년,6432,6378,6327,4245,7434,7212,7460,7013,7324,8204,8148,8502
새내로,하행,평균통행속도,2020년,41,41,41,32,39,38,39,37,37,36,37,37
새내로,하행,점유율,2020년,8,8,8,6,9,10,10,11,10,7,6,6
세종청주로,상행,차로당도로교통량,2020년,0,0,0,9277,8350,9763,9409,6151,9433,9805,15508,13551
세종청주로,상행,평균통행속도,2020년,0,0,0,87,92,92,92,89,91,93,92,93
세종청주로,상행,점유율,2020년,0,0,0,4,5,5,4,4,5,4,4,4
세종청주로,하행,차로당도로교통량,2020년,0,0,0,8845,8880,8716,8320,7707,8588,8854,15341,19316
세종청주로,하행,평균통행속도,2020년,0,0,0,76,79,79,80,78,79,82,80,81
세종청주로,하행,점유율,2020년,0,0,0,5,6,6,5,5,6,5,5,5
시목부강로,상행,차로당도로교통량,2020년,3049,2735,2915,1663,3209,3283,3492,3484,3283,3589,3481,3350
시목부강로,상행,평균통행속도,2020년,53,53,52,38,52,50,50,49,50,51,52,51
시목부강로,상행,점유율,2020년,3,4,4,3,4,5,5,5,5,4,4,4
시목부강로,하행,차로당도로교통량,2020년,14827,14549,16882,11306,15958,15220,16098,15225,16625,17441,17143,17297
시목부강로,하행,평균통행속도,2020년,50,51,51,43,50,48,49,47,47,49,49,49
시목부강로,하행,점유율,2020년,4,4,4,4,4,5,5,5,6,5,4,4
시청대로,상행,차로당도로교통량,2020년,11438,9889,9916,6722,11470,11028,12157,11473,11092,11822,11714,11971
시청대로,상행,평균통행속도,2020년,43,43,44,35,44,44,44,43,43,43,43,43
시청대로,상행,점유율,2020년,3,3,3,3,3,3,3,3,3,4,4,4
시청대로,하행,차로당도로교통량,2020년,11344,10034,9770,7020,12161,11633,12631,11864,12444,13363,13165,12270
시청대로,하행,평균통행속도,2020년,46,47,47,38,46,46,46,45,44,44,44,44
시청대로,하행,점유율,2020년,3,3,3,2,3,3,3,3,4,4,4,4
연청로,상행,차로당도로교통량,2020년,10900,10107,10628,7202,11892,11269,11186,10220,11017,12653,13022,12944
연청로,상행,평균통행속도,2020년,85,85,84,69,84,84,84,82,83,85,85,85
연청로,상행,점유율,2020년,2,2,2,2,2,2,2,3,3,2,2,2
연청로,하행,차로당도로교통량,2020년,12568,11165,11266,8152,14533,12771,13347,11252,12707,15176,15395,14219
연청로,하행,평균통행속도,2020년,82,82,82,62,80,79,79,78,79,81,81,82
연청로,하행,점유율,2020년,3,3,3,3,4,4,4,4,4,3,3,3
용연로,상행,차로당도로교통량,2020년,1544,1433,1584,1171,1805,1795,1902,1783,1985,2071,1911,1762
용연로,상행,평균통행속도,2020년,63,61,62,43,60,60,59,58,58,60,61,61
용연로,상행,점유율,2020년,2,2,2,1,2,2,2,2,2,2,2,2
용연로,하행,차로당도로교통량,2020년,4240,3835,4249,3120,5099,4505,4781,4715,5138,6337,5431,4411
용연로,하행,평균통행속도,2020년,60,59,59,43,59,58,58,57,57,58,59,60
용연로,하행,점유율,2020년,2,2,3,2,3,3,3,3,3,3,2,2
일반국도1호선,상행,차로당도로교통량,2020년,54946,52433,53228,38275,62493,59429,61495,53915,60136,61650,56149,56051
일반국도1호선,상행,평균통행속도,2020년,76,77,77,70,77,77,76,75,76,77,76,75
일반국도1호선,상행,점유율,2020년,6,6,6,7,7,7,8,7,7,7,6,6
일반국도1호선,하행,차로당도로교통량,2020년,51331,45185,47731,34999,54619,51129,53421,49245,53362,50350,19041,35505
일반국도1호선,하행,평균통행속도,2020년,79,82,81,73,79,78,78,76,76,78,75,78
일반국도1호선,하행,점유율,2020년,6,6,6,6,7,7,6,7,7,7,5,5
일반국도36호선,상행,차로당도로교통량,2020년,36991,31985,32501,22790,39988,36466,38348,36008,28035,29409,34732,33949
일반국도36호선,상행,평균통행속도,2020년,58,60,61,49,60,59,59,58,60,58,56,55
일반국도36호선,상행,점유율,2020년,5,5,5,4,5,5,5,5,4,5,5,5
일반국도36호선,하행,차로당도로교통량,2020년,38006,32066,34622,24122,42628,38131,40465,35331,41010,36349,43692,41095
일반국도36호선,하행,평균통행속도,2020년,47,48,49,41,47,48,48,47,47,44,43,45
일반국도36호선,하행,점유율,2020년,11,10,9,9,11,10,10,10,11,12,13,11
절재로,상행,차로당도로교통량,2020년,28333,26081,24766,17763,30617,29851,31308,29454,28731,30039,29560,28929
절재로,상행,평균통행속도,2020년,71,72,72,64,72,71,71,69,70,69,69,70
절재로,상행,점유율,2020년,4,4,4,4,5,5,5,5,5,5,5,5
절재로,하행,차로당도로교통량,2020년,32812,30911,30348,21227,33915,33485,35786,31514,33156,35419,35952,35767
절재로,하행,평균통행속도,2020년,65,67,68,60,66,66,66,65,65,65,64,64
절재로,하행,점유율,2020년,6,6,5,5,6,6,6,6,6,6,7,6
정안세종로,상행,차로당도로교통량,2020년,31146,28556,28780,19383,35179,32641,33575,32274,32475,27001,27338,25051
정안세종로,상행,평균통행속도,2020년,60,61,62,56,60,59,59,57,57,57,57,58
정안세종로,상행,점유율,2020년,3,2,2,2,3,3,3,3,3,3,3,2
정안세종로,하행,차로당도로교통량,2020년,19152,16587,17096,12392,21539,19964,20616,3859,0,15978,38224,36926
정안세종로,하행,평균통행속도,2020년,64,65,67,58,65,65,65,63,0,104,100,104
정안세종로,하행,점유율,2020년,2,2,2,2,2,2,2,2,0,5,5,5
조치원로,상행,차로당도로교통량,2020년,17563,15513,15924,10696,17931,16923,18099,17246,16942,18549,18274,18247
조치원로,상행,평균통행속도,2020년,35,36,36,28,34,33,33,33,33,32,33,34
조치원로,상행,점유율,2020년,8,8,8,8,10,9,10,9,10,10,9,8
조치원로,하행,차로당도로교통량,2020년,8517,7256,7456,4925,8224,7697,8325,8112,7741,8521,8858,9161
조치원로,하행,평균통행속도,2020년,29,29,29,24,25,25,25,25,24,26,27,31
조치원로,하행,점유율,2020년,12,11,11,12,16,17,17,17,18,15,13,9
지방도604호선,상행,차로당도로교통량,2020년,15605,12985,12821,9497,5721,8021,8717,11328,6600,21259,19998,17064
지방도604호선,상행,평균통행속도,2020년,91,91,90,74,90,94,89,81,82,83,83,81
지방도604호선,상행,점유율,2020년,2,2,3,2,5,5,3,9,7,3,3,2
지방도604호선,하행,차로당도로교통량,2020년,23350,20965,20029,13412,24705,25642,27741,12849,2103,24421,27932,24373
지방도604호선,하행,평균통행속도,2020년,92,92,91,78,90,90,91,89,92,92,91,91
지방도604호선,하행,점유율,2020년,2,3,3,3,3,3,3,3,7,3,3,3
지방도96호선,상행,차로당도로교통량,2020년,16623,15054,14845,12091,20005,18039,19798,18604,20360,14546,17677,17214
지방도96호선,상행,평균통행속도,2020년,62,63,64,59,68,69,69,66,68,69,72,72
지방도96호선,상행,점유율,2020년,4,4,4,4,4,5,4,5,5,5,4,4
지방도96호선,하행,차로당도로교통량,2020년,13111,11818,11976,9408,16274,15434,16598,15678,16316,18051,19785,18909
지방도96호선,하행,평균통행속도,2020년,67,67,68,59,70,70,70,68,69,72,73,73
지방도96호선,하행,점유율,2020년,4,6,4,4,5,5,5,5,5,4,4,4
청연로,상행,차로당도로교통량,2020년,15210,13530,14169,9764,15788,15105,15307,14090,15168,16666,16342,14820
청연로,상행,평균통행속도,2020년,51,52,52,44,51,51,51,50,49,51,49,50
청연로,상행,점유율,2020년,4,4,4,4,4,4,4,4,5,4,4,4
청연로,하행,차로당도로교통량,2020년,6091,5466,5748,4175,6540,6296,6614,6199,6456,6841,6641,6409
청연로,하행,평균통행속도,2020년,47,46,45,37,45,44,44,44,44,45,45,45
청연로,하행,점유율,2020년,5,5,5,4,5,5,6,6,6,5,5,4
충현로,상행,차로당도로교통량,2020년,7154,6451,6604,4330,7661,7637,7776,7263,7855,7873,7716,7982
충현로,상행,평균통행속도,2020년,35,35,35,29,34,34,33,33,33,34,34,35
충현로,상행,점유율,2020년,5,6,6,5,7,7,7,7,7,6,6,5
충현로,하행,차로당도로교통량,2020년,27966,25559,26108,16663,28678,28891,29486,27557,28902,29739,29215,29667
충현로,하행,평균통행속도,2020년,36,37,37,34,36,35,35,35,35,36,35,36
충현로,하행,점유율,2020년,6,6,6,6,7,7,7,7,7,7,7,6
평기길,상행,차로당도로교통량,2020년,1185,1307,1749,1118,1853,1850,1762,1699,1362,2274,1869,1698
평기길,상행,평균통행속도,2020년,46,47,47,30,46,46,45,44,45,46,46,46
평기길,상행,점유율,2020년,3,3,3,2,2,2,2,3,3,2,2,2
평기길,하행,차로당도로교통량,2020년,3489,4524,5544,3371,4948,5237,5134,4351,3997,5925,5528,5115
평기길,하행,평균통행속도,2020년,49,52,53,36,52,52,51,50,50,52,52,52
평기길,하행,점유율,2020년,3,3,3,3,3,3,3,3,4,3,3,2
한누리대로,상행,차로당도로교통량,2020년,27690,24829,23243,16166,29169,26893,29061,27284,24346,17836,29575,28452
한누리대로,상행,평균통행속도,2020년,52,53,54,46,52,52,49,48,47,50,49,48
한누리대로,상행,점유율,2020년,7,6,6,6,7,7,7,7,7,7,7,7
한누리대로,하행,차로당도로교통량,2020년,29372,26188,25594,17948,30302,29522,28194,29343,30091,23665,32951,32416
한누리대로,하행,평균통행속도,2020년,50,51,52,45,49,49,47,47,47,48,47,47
한누리대로,하행,점유율,2020년,7,7,6,6,8,8,8,8,8,8,8,8
행복대로,상행,차로당도로교통량,2020년,0,0,0,0,0,2,657,0,6,11,108,5453
행복대로,상행,평균통행속도,2020년,0,0,0,0,0,55,23,9,10,7,43,86
행복대로,상행,점유율,2020년,0,0,0,0,0,1,4,0,3,5,2,1
행복대로,하행,차로당도로교통량,2020년,0,0,0,0,0,1,4,16,5,3,7,123
행복대로,하행,평균통행속도,2020년,0,0,0,0,0,36,49,32,16,21,35,98
행복대로,하행,점유율,2020년,0,0,0,0,0,68,1,1,1,2,8,2